{"hands_vs_feet": {"mean": 0.709014675052411, "results": [0.9111111111111111, 1.0, 0.5111111111111111, 0.9333333333333332, 0.8444444444444443, 0.5555555555555556, 0.8444444444444443, 0.711111111111111, 0.6222222222222221, 0.7777777777777778, 0.6, 0.6666666666666667, 0.8666666666666666, 0.9111111111111111, 0.6222222222222221, 0.7555555555555555, 0.6666666666666666, 0.7999999999999999, 0.888888888888889, 0.48888888888888893, 0.7777777777777778, 0.8222222222222222, 0.6, 0.8222222222222222, 0.8222222222222222, 0.711111111111111, 0.7999999999999999, 0.7777777777777778, 0.9777777777777779, 0.5333333333333333, 0.6888888888888889, 0.711111111111111, 0.7333333333333332, 0.7333333333333332, 0.9777777777777779, 0.7555555555555555, 0.5333333333333334, 0.5777777777777778, 0.5555555555555556, 0.3555555555555555, 0.888888888888889, 0.888888888888889, 0.6, 0.6, 0.48888888888888893, 0.8222222222222222, 0.6666666666666667, 0.7999999999999999, 0.8444444444444444, 0.6888888888888888, 0.8222222222222222, 0.5555555555555556, 0.7333333333333332, 0.6888888888888889, 0.9555555555555555, 0.6666666666666666, 0.7777777777777777, 0.711111111111111, 0.5333333333333334, 0.7999999999999999, 0.8666666666666666, 0.6666666666666666, 0.3555555555555555, 0.8222222222222222, 0.888888888888889, 0.7555555555555555, 0.6444444444444445, 0.7333333333333333, 0.4666666666666666, 0.7333333333333333, 0.8222222222222222, 0.9555555555555555, 0.6666666666666666, 0.5333333333333334, 0.4666666666666666, 0.5333333333333334, 0.9777777777777779, 0.5999999999999999, 0.711111111111111, 0.5777777777777777, 0.7777777777777778, 0.5111111111111111, 0.8, 0.5111111111111112, 0.9555555555555555, 0.6888888888888888, 0.6444444444444444, 0.7555555555555555, 0.37777777777777777, 0.7333333333333332, 0.7555555555555555, 0.8666666666666666, 0.39999999999999997, 0.5777777777777778, 0.5555555555555556, 0.6222222222222221, 0.6888888888888889, 0.5555555555555555, 0.8222222222222222, 0.8666666666666666, 0.7777777777777777, 0.8666666666666666, 0.19999999999999998, 0.6222222222222221, 0.7555555555555554, 0.9111111111111111]}, "left_vs_right": {"mean": 0.5905927196493234, "results": [0.5333333333333334, 0.48888888888888893, 0.5555555555555556, 0.5333333333333333, 0.39999999999999997, 0.42222222222222217, 0.888888888888889, 0.711111111111111, 0.6888888888888889, 0.6888888888888889, 0.5111111111111111, 0.6444444444444445, 0.5777777777777777, 0.5777777777777777, 0.6444444444444444, 0.6222222222222221, 0.6444444444444444, 0.4222222222222222, 0.8, 0.5111111111111111, 0.5111111111111111, 0.7777777777777777, 0.3555555555555555, 0.6, 0.5999999999999999, 0.7555555555555555, 0.5555555555555556, 0.4666666666666666, 0.6, 0.5777777777777778, 0.7333333333333332, 0.9333333333333332, 0.6888888888888889, 0.6222222222222222, 0.5333333333333334, 0.6444444444444444, 0.3555555555555555, 0.5111111111111111, 0.48888888888888893, 0.6222222222222222, 0.5777777777777778, 0.9111111111111111, 0.5555555555555556, 0.5777777777777777, 0.4666666666666667, 0.9333333333333332, 0.39999999999999997, 0.7777777777777778, 0.6, 0.7777777777777778, 0.711111111111111, 0.5333333333333333, 0.8444444444444443, 0.8666666666666666, 0.6666666666666666, 0.8, 0.7999999999999999, 0.6888888888888889, 0.5555555555555556, 0.5777777777777777, 0.6666666666666666, 0.4666666666666666, 0.5333333333333334, 0.7555555555555555, 0.5111111111111111, 0.5555555555555556, 0.42222222222222217, 0.711111111111111, 0.6222222222222221, 0.6222222222222222, 0.5777777777777777, 0.5111111111111111, 0.4666666666666667, 0.4666666666666666, 0.37777777777777777, 0.5111111111111111, 0.5111111111111111, 0.3555555555555555, 0.24444444444444446, 0.4444444444444445, 0.6444444444444445, 0.7333333333333332, 0.7555555555555555, 0.5111111111111111, 0.37777777777777777, 0.48888888888888893, 0.5777777777777777, 0.6472727272727272, 0.5777777777777777, 0.7333333333333333, 0.5111111111111111, 0.6444444444444445, 0.39999999999999997, 0.4222222222222222, 0.6444444444444444, 0.5555555555555556, 0.7333333333333333, 0.5333333333333334, 0.5555555555555556, 0.4222222222222222, 0.5555555555555556, 0.6222222222222221, 0.37777777777777777, 0.6000000000000001, 0.5555555555555556, 0.6666666666666667]}, "imagery_left_vs_right": {"mean": 0.5717243186582809, "results": [0.4444444444444445, 0.5111111111111111, 0.39999999999999997, 0.5111111111111112, 0.39999999999999997, 0.4222222222222222, 0.9333333333333332, 0.5777777777777778, 0.4666666666666666, 0.5111111111111112, 0.6444444444444445, 0.5111111111111112, 0.6444444444444444, 0.6444444444444444, 0.5555555555555556, 0.4444444444444445, 0.5333333333333334, 0.5777777777777777, 0.6888888888888889, 0.4444444444444445, 0.5333333333333333, 0.6888888888888889, 0.48888888888888893, 0.6, 0.4888888888888888, 0.6222222222222222, 0.5555555555555556, 0.48888888888888893, 0.8666666666666668, 0.5333333333333334, 0.6222222222222221, 0.711111111111111, 0.6, 0.7555555555555554, 0.6666666666666666, 0.5111111111111111, 0.48888888888888893, 0.5333333333333332, 0.5111111111111111, 0.8222222222222222, 0.4, 0.8444444444444444, 0.7333333333333333, 0.5555555555555556, 0.5111111111111111, 0.4444444444444445, 0.44444444444444436, 0.6444444444444445, 0.5111111111111111, 0.6888888888888889, 0.7777777777777778, 0.5555555555555556, 0.8, 0.6888888888888889, 0.8444444444444444, 0.8222222222222222, 0.4444444444444445, 0.4666666666666667, 0.48888888888888893, 0.8444444444444444, 0.4888888888888888, 0.6888888888888889, 0.5333333333333334, 0.6222222222222221, 0.48888888888888893, 0.42222222222222217, 0.5555555555555556, 0.3777777777777777, 0.5111111111111111, 0.6444444444444445, 0.6888888888888889, 0.7333333333333333, 0.4444444444444445, 0.5333333333333332, 0.6666666666666666, 0.4666666666666666, 0.3555555555555555, 0.4222222222222222, 0.4666666666666667, 0.48888888888888893, 0.7777777777777777, 0.4666666666666666, 0.48888888888888893, 0.6888888888888889, 0.6888888888888889, 0.5111111111111111, 0.4666666666666666, 0.5999999999999999, 0.6666666666666666, 0.5333333333333333, 0.6666666666666666, 0.4444444444444445, 0.4666666666666667, 0.5777777777777777, 0.4888888888888888, 0.4666666666666666, 0.4666666666666666, 0.4888888888888888, 0.6444444444444445, 0.5777777777777777, 0.5583333333333333, 0.6222222222222221, 0.5333333333333334, 0.39999999999999997, 0.6666666666666667, 0.5777777777777777]}, "imagery_hands_vs_feet": {"mean": 0.6174004192872119,