{"hands_vs_feet": {"mean": 0.8037683823529411, "results": [{"subject": 1, "accuracy": 0.7715992647058824}, {"subject": 2, "accuracy": 0.8285845588235294}, {"subject": 3, "accuracy": 0.8111213235294117}]}}