{"hands_vs_feet": {"mean": 0.8523809523809525, "results": [{"subject": 1, "accuracy": 0.9571428571428571}, {"subject": 2, "accuracy": 0.9714285714285715}, {"subject": 3, "accuracy": 0.6285714285714287}]}}